{
  "r50_motip_pdestre_base_fold0/val_0/epoch_0": {
    "mota": 43.25009484278414,
    "idf1": 44.35339564769573,
    "prec": 77.5484570676406,
    "rec": 74.67675347570909,
    "tp": 160267,
    "fn": 56738,
    "fp": 48441,
    "idsw": 7050,
    "hota": 35.31830906867981,
    "deta": 45.90993821620941,
    "assa": 27.31774151325226
  },
  "r50_motip_pdestre_base_fold0/val_0/epoch_1": {
    "mota": 6.3426390841534435,
    "idf1": 14.405669541667892,
    "prec": 69.44229036111751,
    "rec": 14.78788690276941,
    "tp": 32305,
    "fn": 190922,
    "fp": 14580,
    "idsw": 828,
    "hota": 17.375995218753815,
    "deta": 10.883258283138275,
    "assa": 27.803796529769897
  },
  "r50_motip_pdestre_base_fold0/val_0/epoch_2": {
    "mota": 47.33257459106023,
    "idf1": 47.160851960251065,
    "prec": 77.24417248686537,
    "rec": 82.48376514695053,
    "tp": 180741,
    "fn": 39246,
    "fp": 54444,
    "idsw": 4068,
    "hota": 37.79048025608063,
    "deta": 49.387192726135254,
    "assa": 29.070547223091125
  },
  "r50_motip_pdestre_base_fold0/val_0/epoch_3": {
    "mota": 42.643993662270425,
    "idf1": 41.96077895331565,
    "prec": 78.64983968765851,
    "rec": 75.43371047287496,
    "tp": 165012,
    "fn": 55042,
    "fp": 45880,
    "idsw": 4001,
    "hota": 33.08165967464447,
    "deta": 46.10432684421539,
    "assa": 23.89088124036789
  },
  "r50_base_motip_2concepts_fold_0/val_0/epoch_0": {
    "mota": 36.18977483207248,
    "idf1": 34.197691410491885,
    "prec": 83.44728005372734,
    "rec": 55.45647274106804,
    "tp": 117624,
    "fn": 99802,
    "fp": 24647,
    "idsw": 6629,
    "hota": 27.173492312431335,
    "deta": 37.66108453273773,
    "assa": 19.747905433177948
  },
  "r50_base_motip_2concepts_fold_0/val_0/epoch_1": {
    "mota": 32.980295016848544,
    "idf1": 32.93463172562024,
    "prec": 81.47422137100402,
    "rec": 56.579411305259875,
    "tp": 120785,
    "fn": 97286,
    "fp": 28825,
    "idsw": 5984,
    "hota": 25.812649726867676,
    "deta": 36.99088394641876,
    "assa": 18.143603205680847
  },
  "r50_base_motip_2concepts_fold_0/val_0/epoch_2": {
    "mota": 34.22864921559439,
    "idf1": 39.397184015700915,
    "prec": 76.18695131495818,
    "rec": 72.1211309723059,
    "tp": 150756,
    "fn": 62464,
    "fp": 50507,
    "idsw": 10835,
    "hota": 31.153815984725952,
    "deta": 42.338547110557556,
    "assa": 23.080851137638092
  },
  "r50_base_motip_2concepts_fold_0/val_0/epoch_3": {
    "mota": 33.09723059070318,
    "idf1": 37.8061280434026,
    "prec": 76.83248149228227,
    "rec": 67.02639976791413,
    "tp": 142794,
    "fn": 73879,
    "fp": 45283,
    "idsw": 7382,
    "hota": 28.520900011062622,
    "deta": 40.08301794528961,
    "assa": 20.500892400741577
  },
  "r50_base_motip_2concepts_fold_0/val_0/epoch_4": {
    "mota": 35.69391444065073,
    "idf1": 37.29784582341959,
    "prec": 80.87574953145696,
    "rec": 65.67628484077571,
    "tp": 135010,
    "fn": 76904,
    "fp": 34796,
    "idsw": 12141,
    "hota": 29.781070351600647,
    "deta": 41.4605975151062,
    "assa": 21.521876752376556
  },
  "r50_base_motip_2concepts_fold_0/val_0/epoch_5": {
    "mota": 33.7051170471536,
    "idf1": 32.23921327011712,
    "prec": 82.84950492479788,
    "rec": 56.98868581375108,
    "tp": 122826,
    "fn": 96369,
    "fp": 26432,
    "idsw": 4860,
    "hota": 25.576472282409668,
    "deta": 37.08150088787079,
    "assa": 17.789389193058014
  },
  "r50_base_motip_2concepts_fold_0/val_0/epoch_6": {
    "mota": 39.498783780768115,
    "idf1": 40.06562286449331,
    "prec": 82.28961299482116,
    "rec": 63.89725736984223,
    "tp": 136861,
    "fn": 80890,
    "fp": 30812,
    "idsw": 6304,
    "hota": 30.932068824768066,
    "deta": 41.479530930519104,
    "assa": 23.23884665966034
  },
  "r50_base_motip_2concepts_fold_0/val_0/epoch_7": {
    "mota": 41.28227444154337,
    "idf1": 42.129076918446586,
    "prec": 82.74006172238667,
    "rec": 64.49666376559327,
    "tp": 139788,
    "fn": 79547,
    "fp": 30145,
    "idsw": 4720,
    "hota": 32.4745237827301,
    "deta": 41.913098096847534,
    "assa": 25.30999183654785
  },
  "r50_base_motip_2concepts_fold_0/val_0/epoch_8": {
    "mota": 38.40351699359532,
    "idf1": 41.155735953856016,
    "prec": 82.78559140166362,
    "rec": 62.4984936734284,
    "tp": 132321,
    "fn": 84024,
    "fp": 29118,
    "idsw": 7710,
    "hota": 31.3926100730896,
    "deta": 40.472498536109924,
    "assa": 24.504922330379486
  },
  "r50_base_motip_2concepts_fold_0/val_0/epoch_9": {
    "mota": 41.1376670906697,
    "idf1": 44.00901253226421,
    "prec": 83.17293739334347,
    "rec": 63.953939880832834,
    "tp": 139591,
    "fn": 80763,
    "fp": 28990,
    "idsw": 3701,
    "hota": 33.4060400724411,
    "deta": 41.47422909736633,
    "assa": 27.073726058006287
  },
  "r50_motip_pdestre_3concepts_fold_0/val_0/epoch_0": {
    "mota": 31.48289482493138,
    "idf1": 30.861527437437726,
    "prec": 79.8508122584068,
    "rec": 56.424984936734276,
    "tp": 118088,
    "fn": 97632,
    "fp": 31901,
    "idsw": 8335,
    "hota": 24.55195188522339,
    "deta": 36.20120584964752,
    "assa": 16.777563095092773
  },
  "r50_motip_pdestre_3concepts_fold_0/val_0/epoch_1": {
    "mota": 37.185066166789404,
    "idf1": 32.26443733628463,
    "prec": 82.0751469250252,
    "rec": 59.58804757760371,
    "tp": 127143,
    "fn": 90545,
    "fp": 29158,
    "idsw": 6367,
    "hota": 26.20520293712616,
    "deta": 39.253243803977966,
    "assa": 17.62612760066986
  },
  "r50_motip_pdestre_3concepts_fold_0/val_0/epoch_2": {
    "mota": 40.60253062864029,
    "idf1": 40.74754770503331,
    "prec": 79.89971859810693,
    "rec": 69.69895784517195,
    "tp": 151009,
    "fn": 67891,
    "fp": 39286,
    "idsw": 5155,
    "hota": 31.651201844215393,
    "deta": 43.07631552219391,
    "assa": 23.378023505210876
  },
  "r50_motip_pdestre_3concepts_fold_0/val_0/epoch_3": {
    "mota": 36.62047265180424,
    "idf1": 35.2427425871822,
    "prec": 81.72964766436466,
    "rec": 59.105576755707304,
    "tp": 127937,
    "fn": 91626,
    "fp": 29604,
    "idsw": 4492,
    "hota": 27.096614241600037,
    "deta": 38.04292380809784,
    "assa": 19.451622664928436
  },
  "r50_motip_pdestre_7concepts_learnable_v2_fold_0/val_1/epoch_0": {
    "mota": 5.702524789600867,
    "idf1": 6.9487859086965305,
    "prec": 83.0599895955973,
    "rec": 10.111157403549704,
    "tp": 28626,
    "fn": 269689,
    "fp": 6187,
    "idsw": 1710,
    "hota": 8.886969834566116,
    "deta": 7.183451950550079,
    "assa": 11.041879653930664
  },
  "r50_motip_pdestre_7concepts_learnable_v2_fold_0/val_1/epoch_1": {
    "mota": 12.41363219731689,
    "idf1": 14.240890810497458,
    "prec": 91.73188278645377,
    "rec": 34.84909590867428,
    "tp": 53016,
    "fn": 195469,
    "fp": 9424,
    "idsw": 51540,
    "hota": 13.436989486217499,
    "deta": 24.79550391435623,
    "assa": 7.2920724749565125
  },
  "r50_motip_pdestre_7concepts_learnable_v2_fold_0/val_1/epoch_2": {
    "mota": 1.95,
    "idf1": 3.26,
    "prec": 93.73,
    "rec": 51.37,
    "idsw": 137965,
    "tp": 16167,
    "fn": 145893,
    "fp": 10303
  },
  "r50_motip_pdestre_7concepts_learnable_v2_fold_0/val_1/epoch_3": {
    "mota": 50.16,
    "idf1": 18.78,
    "prec": 85.07,
    "rec": 62.56,
    "idsw": 4283,
    "tp": 183427,
    "fn": 112315,
    "fp": 32949
  },
  "r50_motip_pdestre_7concepts_learnable_v2_fold_0/val_1/epoch_4": {
    "mota": 32.91,
    "idf1": 9.26,
    "prec": 86.78,
    "rec": 40.28,
    "idsw": 3707,
    "tp": 117143,
    "fn": 179175,
    "fp": 18418
  },
  "r50_motip_pdestre_7concepts_learnable_v2_fold_0/val_1/epoch_5": {
    "mota": 30.69,
    "idf1": 11.82,
    "prec": 82.17,
    "rec": 40.61,
    "idsw": 3331,
    "tp": 118510,
    "fn": 178184,
    "fp": 26431
  },
  "r50_motip_pdestre_7concepts_learnable_v2_fold_0/val_1/epoch_6": {
    "mota": 37.14,
    "idf1": 11.14,
    "prec": 86.67,
    "rec": 45.03,
    "idsw": 2910,
    "tp": 132196,