{
  "R50 MOTIP (2 Concepts)": {
    "loss_mean": 134.34906666666666,
    "loss_std": 8.60762307156989,
    "concept_acc_mean": 197.29106666666667,
    "concept_acc_std": 0.1717764891427845,
    "id_loss_mean": 0.5237666666666666,
    "id_loss_std": 0.007501703510240526,
    "detr_loss_mean": 133.82533333333333,
    "detr_loss_std": 8.602868180761318,
    "gender_accuracy_mean": 197.6804,
    "gender_accuracy_std": 0.15381105291882852,
    "upper_body_accuracy_mean": 196.8838333333333,
    "upper_body_accuracy_std": 0.19938547812940308,
    "n_folds": 3
  },
  "R50 MOTIP (7 Concepts)": {
    "loss_mean": 439.8516666666667,
    "loss_std": 19.602908252660427,
    "concept_acc_mean": 196.69396666666668,
    "concept_acc_std": 0.08719886594572987,
    "id_loss_mean": 0.5595333333333333,
    "id_loss_std": 0.007449981357172806,
    "detr_loss_mean": 439.2921333333333,
    "detr_loss_std": 19.595808635238537,
    "gender_accuracy_mean": 197.58063333333334,
    "gender_accuracy_std": 0.11472559532302802,
    "hairstyle_accuracy_mean": 192.72283333333334,
    "hairstyle_accuracy_std": 0.6036922081841202,
    "head_accessories_accuracy_mean": 199.7861333333333,
    "head_accessories_accuracy_std": 0.1222568425715138,
    "upper_body_accuracy_mean": 193.30526666666665,
    "upper_body_accuracy_std": 0.38975154764142744,
    "lower_body_accuracy_mean": 194.74906666666666,
    "lower_body_accuracy_std": 0.20183097438753814,
    "feet_accuracy_mean": 195.72566666666668,
    "feet_accuracy_std": 0.17376246877722176,
    "accessories_accuracy_mean": 199.7861333333333,
    "accessories_accuracy_std": 0.1222568425715138,
    "n_folds": 3
  },
  "RF-DETR Large (No Concepts)": {
    "loss_mean": 14.428166666666668,
    "loss_std": 0.029545934106442424,
    "id_loss_mean": 0.0008,
    "id_loss_std": 0.0,
    "detr_loss_mean": 14.4274,
    "detr_loss_std": 0.02949881353546267,
    "gender_accuracy_mean": 97.42743333333334,
    "gender_accuracy_std": 0.146222714453752,
    "upper_body_accuracy_mean": 95.82136666666666,
    "upper_body_accuracy_std": 0.2340106170430979,
    "n_folds": 3
  }
}